<?xml version="1.0" encoding="UTF-8" ?>
<!-- This is a WordPress eXtended RSS file generated by WordPress as an export of your site. -->
<!-- It contains information about your site's posts, pages, comments, categories, and other content. -->
<!-- You may use this file to transfer that content from one site to another. -->
<!-- This file is not intended to serve as a complete backup of your site. -->

<!-- To import this information into a WordPress site follow these steps: -->
<!-- 1. Log in to that site as an administrator. -->
<!-- 2. Go to Tools: Import in the WordPress admin panel. -->
<!-- 3. Install the "WordPress" importer from the list. -->
<!-- 4. Activate & Run Importer. -->
<!-- 5. Upload this file using the form provided on that page. -->
<!-- 6. You will first be asked to map the authors in this export file to users -->
<!--    on the site. For each author, you may choose to map to an -->
<!--    existing user on the site or to create a new user. -->
<!-- 7. WordPress will then import each of the posts, pages, comments, categories, etc. -->
<!--    contained in this file into your site. -->

	<!-- generator="WordPress/5.2.2" created="2019-08-19 20:28" -->
<rss version="2.0"
	xmlns:excerpt="http://wordpress.org/export/1.2/excerpt/"
	xmlns:content="http://purl.org/rss/1.0/modules/content/"
	xmlns:wfw="http://wellformedweb.org/CommentAPI/"
	xmlns:dc="http://purl.org/dc/elements/1.1/"
	xmlns:wp="http://wordpress.org/export/1.2/"
>

<channel>
	<title>LawPress Theme</title>
	<link>http://lawpress-theme</link>
	<description>Just another WordPress site</description>
	<pubDate>Mon, 19 Aug 2019 20:28:05 +0000</pubDate>
	<language>en-US</language>
	<wp:wxr_version>1.2</wp:wxr_version>
	<wp:base_site_url>http://lawpress-theme</wp:base_site_url>
	<wp:base_blog_url>http://lawpress-theme</wp:base_blog_url>

		<wp:author><wp:author_id>1</wp:author_id><wp:author_login><![CDATA[kro]]></wp:author_login><wp:author_email><![CDATA[1@1.ru]]></wp:author_email><wp:author_display_name><![CDATA[dummy-user]]></wp:author_display_name><wp:author_first_name><![CDATA[]]></wp:author_first_name><wp:author_last_name><![CDATA[]]></wp:author_last_name></wp:author>

				
	<generator>https://wordpress.org/?v=5.2.2</generator>

		<item>
		<title>Michelle King</title>
		<link>http://lawpress-theme/attorney/michelle-king/</link>
		<pubDate>Sun, 11 Aug 2019 21:33:38 +0000</pubDate>
		<dc:creator><![CDATA[kro]]></dc:creator>
		<guid isPermaLink="false">http://lawpress-theme/?post_type=lp_attorney&#038;p=25</guid>
		<description></description>
		<content:encoded><![CDATA[Lorem ipsum dolor sit amet, consectetur adipiscing elit. Sed eget odio sed diam sollicitudin dignissim id non sapien. Etiam at libero feugiat, ullamcorper lectus eget, viverra metus. Etiam egestas elit ex, in varius nibh faucibus eget. Ut ut ex orci. Maecenas egestas, dolor at rhoncus eleifend, augue nunc pharetra mi, sit amet ullamcorper velit tortor eu mi. Sed dapibus congue mi a lacinia. In eget imperdiet dui. Cras vitae tincidunt nulla. Integer in placerat felis. Duis dictum dui eget convallis viverra. Vestibulum ante ipsum primis in faucibus orci luctus et ultrices posuere cubilia Curae; Phasellus vel libero sed est varius aliquam.]]></content:encoded>
		<excerpt:encoded><![CDATA[]]></excerpt:encoded>
		<wp:post_id>25</wp:post_id>
		<wp:post_date><![CDATA[2019-08-11 21:33:38]]></wp:post_date>
		<wp:post_date_gmt><![CDATA[2019-08-11 21:33:38]]></wp:post_date_gmt>
		<wp:comment_status><![CDATA[closed]]></wp:comment_status>
		<wp:ping_status><![CDATA[closed]]></wp:ping_status>
		<wp:post_name><![CDATA[michelle-king]]></wp:post_name>
		<wp:status><![CDATA[publish]]></wp:status>
		<wp:post_parent>0</wp:post_parent>
		<wp:menu_order>0</wp:menu_order>
		<wp:post_type><![CDATA[lp_attorney]]></wp:post_type>
		<wp:post_password><![CDATA[]]></wp:post_password>
		<wp:is_sticky>0</wp:is_sticky>
														<wp:postmeta>
		<wp:meta_key><![CDATA[_edit_last]]></wp:meta_key>
		<wp:meta_value><![CDATA[1]]></wp:meta_value>
		</wp:postmeta>
							<wp:postmeta>
		<wp:meta_key><![CDATA[lp_attorney_niche]]></wp:meta_key>
		<wp:meta_value><![CDATA[]]></wp:meta_value>
		</wp:postmeta>
							<wp:postmeta>
		<wp:meta_key><![CDATA[_lp_attorney_niche]]></wp:meta_key>
		<wp:meta_value><![CDATA[field_5d4eb144f7042]]></wp:meta_value>
		</wp:postmeta>
							<wp:postmeta>
		<wp:meta_key><![CDATA[lp_attorney_phone]]></wp:meta_key>
		<wp:meta_value><![CDATA[123]]></wp:meta_value>
		</wp:postmeta>
							<wp:postmeta>
		<wp:meta_key><![CDATA[_lp_attorney_phone]]></wp:meta_key>
		<wp:meta_value><![CDATA[field_5d4eafd2f7040]]></wp:meta_value>
		</wp:postmeta>
							<wp:postmeta>
		<wp:meta_key><![CDATA[lp_attorney_email]]></wp:meta_key>
		<wp:meta_value><![CDATA[1@1.com]]></wp:meta_value>
		</wp:postmeta>
							<wp:postmeta>
		<wp:meta_key><![CDATA[_lp_attorney_email]]></wp:meta_key>
		<wp:meta_value><![CDATA[field_5d4eb114f7041]]></wp:meta_value>
		</wp:postmeta>
							<wp:postmeta>
		<wp:meta_key><![CDATA[lp_attorney_practice_areas]]></wp:meta_key>
		<wp:meta_value><![CDATA[a:1:{i:0;s:2:"24";}]]></wp:meta_value>
		</wp:postmeta>
							<wp:postmeta>
		<wp:meta_key><![CDATA[_lp_attorney_practice_areas]]></wp:meta_key>
		<wp:meta_value><![CDATA[field_5d4eaf80f703f]]></wp:meta_value>
		</wp:postmeta>
							<wp:postmeta>
		<wp:meta_key><![CDATA[_thumbnail_id]]></wp:meta_key>
		<wp:meta_value><![CDATA[246]]></wp:meta_value>
		</wp:postmeta>
							<wp:postmeta>
		<wp:meta_key><![CDATA[_wp_old_slug]]></wp:meta_key>
		<wp:meta_value><![CDATA[attorney]]></wp:meta_value>
		</wp:postmeta>
							</item>
					<item>
		<title>Jack Brown</title>
		<link>http://lawpress-theme/attorney/jack-brown/</link>
		<pubDate>Sun, 11 Aug 2019 21:42:17 +0000</pubDate>
		<dc:creator><![CDATA[kro]]></dc:creator>
		<guid isPermaLink="false">http://lawpress-theme/?post_type=lp_attorney&#038;p=29</guid>
		<description></description>
		<content:encoded><![CDATA[Lorem ipsum dolor sit amet, consectetur adipiscing elit. Sed eget odio sed diam sollicitudin dignissim id non sapien. Etiam at libero feugiat, ullamcorper lectus eget, viverra metus. Etiam egestas elit ex, in varius nibh faucibus eget. Ut ut ex orci. Maecenas egestas, dolor at rhoncus eleifend, augue nunc pharetra mi, sit amet ullamcorper velit tortor eu mi. Sed dapibus congue mi a lacinia. In eget imperdiet dui. Cras vitae tincidunt nulla. Integer in placerat felis. Duis dictum dui eget convallis viverra. Vestibulum ante ipsum primis in faucibus orci luctus et ultrices posuere cubilia Curae; Phasellus vel libero sed est varius aliquam.]]></content:encoded>
		<excerpt:encoded><![CDATA[]]></excerpt:encoded>
		<wp:post_id>29</wp:post_id>
		<wp:post_date><![CDATA[2019-08-11 21:42:17]]></wp:post_date>
		<wp:post_date_gmt><![CDATA[2019-08-11 21:42:17]]></wp:post_date_gmt>
		<wp:comment_status><![CDATA[closed]]></wp:comment_status>
		<wp:ping_status><![CDATA[closed]]></wp:ping_status>
		<wp:post_name><![CDATA[jack-brown]]></wp:post_name>
		<wp:status><![CDATA[publish]]></wp:status>
		<wp:post_parent>0</wp:post_parent>
		<wp:menu_order>0</wp:menu_order>
		<wp:post_type><![CDATA[lp_attorney]]></wp:post_type>
		<wp:post_password><![CDATA[]]></wp:post_password>
		<wp:is_sticky>0</wp:is_sticky>
														<wp:postmeta>
		<wp:meta_key><![CDATA[lp_attorney_niche]]></wp:meta_key>
		<wp:meta_value><![CDATA[]]></wp:meta_value>
		</wp:postmeta>
							<wp:postmeta>
		<wp:meta_key><![CDATA[_lp_attorney_niche]]></wp:meta_key>
		<wp:meta_value><![CDATA[field_5d4eb144f7042]]></wp:meta_value>
		</wp:postmeta>
							<wp:postmeta>
		<wp:meta_key><![CDATA[lp_attorney_phone]]></wp:meta_key>
		<wp:meta_value><![CDATA[123]]></wp:meta_value>
		</wp:postmeta>
							<wp:postmeta>
		<wp:meta_key><![CDATA[_lp_attorney_phone]]></wp:meta_key>
		<wp:meta_value><![CDATA[field_5d4eafd2f7040]]></wp:meta_value>
		</wp:postmeta>
							<wp:postmeta>
		<wp:meta_key><![CDATA[lp_attorney_email]]></wp:meta_key>
		<wp:meta_value><![CDATA[1@1.com]]></wp:meta_value>
		</wp:postmeta>
							<wp:postmeta>
		<wp:meta_key><![CDATA[_lp_attorney_email]]></wp:meta_key>
		<wp:meta_value><![CDATA[field_5d4eb114f7041]]></wp:meta_value>
		</wp:postmeta>
							<wp:postmeta>
		<wp:meta_key><![CDATA[lp_attorney_practice_areas]]></wp:meta_key>
		<wp:meta_value><![CDATA[a:1:{i:0;s:2:"24";}]]></wp:meta_value>
		</wp:postmeta>
							<wp:postmeta>
		<wp:meta_key><![CDATA[_lp_attorney_practice_areas]]></wp:meta_key>
		<wp:meta_value><![CDATA[field_5d4eaf80f703f]]></wp:meta_value>
		</wp:postmeta>
							<wp:postmeta>
		<wp:meta_key><![CDATA[_thumbnail_id]]></wp:meta_key>
		<wp:meta_value><![CDATA[26]]></wp:meta_value>
		</wp:postmeta>
							<wp:postmeta>
		<wp:meta_key><![CDATA[_dp_original]]></wp:meta_key>
		<wp:meta_value><![CDATA[25]]></wp:meta_value>
		</wp:postmeta>
							<wp:postmeta>
		<wp:meta_key><![CDATA[_edit_last]]></wp:meta_key>
		<wp:meta_value><![CDATA[1]]></wp:meta_value>
		</wp:postmeta>
							<wp:postmeta>
		<wp:meta_key><![CDATA[_wp_old_slug]]></wp:meta_key>
		<wp:meta_value><![CDATA[attorney-2]]></wp:meta_value>
		</wp:postmeta>
							</item>
					<item>
		<title>John Smith</title>
		<link>http://lawpress-theme/attorney/john-smith/</link>
		<pubDate>Sun, 11 Aug 2019 21:42:26 +0000</pubDate>
		<dc:creator><![CDATA[kro]]></dc:creator>
		<guid isPermaLink="false">http://lawpress-theme/?post_type=lp_attorney&#038;p=30</guid>
		<description></description>
		<content:encoded><![CDATA[Lorem ipsum dolor sit amet, consectetur adipiscing elit. Sed eget odio sed diam sollicitudin dignissim id non sapien. Etiam at libero feugiat, ullamcorper lectus eget, viverra metus. Etiam egestas elit ex, in varius nibh faucibus eget. Ut ut ex orci. Maecenas egestas, dolor at rhoncus eleifend, augue nunc pharetra mi, sit amet ullamcorper velit tortor eu mi. Sed dapibus congue mi a lacinia. In eget imperdiet dui. Cras vitae tincidunt nulla. Integer in placerat felis. Duis dictum dui eget convallis viverra. Vestibulum ante ipsum primis in faucibus orci luctus et ultrices posuere cubilia Curae; Phasellus vel libero sed est varius aliquam.]]></content:encoded>
		<excerpt:encoded><![CDATA[]]></excerpt:encoded>
		<wp:post_id>30</wp:post_id>
		<wp:post_date><![CDATA[2019-08-11 21:42:26]]></wp:post_date>
		<wp:post_date_gmt><![CDATA[2019-08-11 21:42:26]]></wp:post_date_gmt>
		<wp:comment_status><![CDATA[closed]]></wp:comment_status>
		<wp:ping_status><![CDATA[closed]]></wp:ping_status>
		<wp:post_name><![CDATA[john-smith]]></wp:post_name>
		<wp:status><![CDATA[publish]]></wp:status>
		<wp:post_parent>0</wp:post_parent>
		<wp:menu_order>0</wp:menu_order>
		<wp:post_type><![CDATA[lp_attorney]]></wp:post_type>
		<wp:post_password><![CDATA[]]></wp:post_password>
		<wp:is_sticky>0</wp:is_sticky>
														<wp:postmeta>
		<wp:meta_key><![CDATA[lp_attorney_niche]]></wp:meta_key>
		<wp:meta_value><![CDATA[CEO]]></wp:meta_value>
		</wp:postmeta>
							<wp:postmeta>
		<wp:meta_key><![CDATA[_lp_attorney_niche]]></wp:meta_key>
		<wp:meta_value><![CDATA[field_5d4eb144f7042]]></wp:meta_value>
		</wp:postmeta>
							<wp:postmeta>
		<wp:meta_key><![CDATA[lp_attorney_phone]]></wp:meta_key>
		<wp:meta_value><![CDATA[123]]></wp:meta_value>
		</wp:postmeta>
							<wp:postmeta>
		<wp:meta_key><![CDATA[_lp_attorney_phone]]></wp:meta_key>
		<wp:meta_value><![CDATA[field_5d4eafd2f7040]]></wp:meta_value>
		</wp:postmeta>
							<wp:postmeta>
		<wp:meta_key><![CDATA[lp_attorney_email]]></wp:meta_key>
		<wp:meta_value><![CDATA[1@1.com]]></wp:meta_value>
		</wp:postmeta>
							<wp:postmeta>
		<wp:meta_key><![CDATA[_lp_attorney_email]]></wp:meta_key>
		<wp:meta_value><![CDATA[field_5d4eb114f7041]]></wp:meta_value>
		</wp:postmeta>
							<wp:postmeta>
		<wp:meta_key><![CDATA[lp_attorney_practice_areas]]></wp:meta_key>
		<wp:meta_value><![CDATA[a:1:{i:0;s:2:"24";}]]></wp:meta_value>
		</wp:postmeta>
							<wp:postmeta>
		<wp:meta_key><![CDATA[_lp_attorney_practice_areas]]></wp:meta_key>
		<wp:meta_value><![CDATA[field_5d4eaf80f703f]]></wp:meta_value>
		</wp:postmeta>
							<wp:postmeta>
		<wp:meta_key><![CDATA[_dp_original]]></wp:meta_key>
		<wp:meta_value><![CDATA[29]]></wp:meta_value>
		</wp:postmeta>
							<wp:postmeta>
		<wp:meta_key><![CDATA[_edit_last]]></wp:meta_key>
		<wp:meta_value><![CDATA[1]]></wp:meta_value>
		</wp:postmeta>
							<wp:postmeta>
		<wp:meta_key><![CDATA[_wp_old_slug]]></wp:meta_key>
		<wp:meta_value><![CDATA[attorney-3]]></wp:meta_value>
		</wp:postmeta>
							<wp:postmeta>
		<wp:meta_key><![CDATA[_thumbnail_id]]></wp:meta_key>
		<wp:meta_value><![CDATA[26]]></wp:meta_value>
		</wp:postmeta>
							</item>
				</channel>
</rss>
	