<?xml version="1.0" encoding="UTF-8" ?>
<!-- This is a WordPress eXtended RSS file generated by WordPress as an export of your site. -->
<!-- It contains information about your site's posts, pages, comments, categories, and other content. -->
<!-- You may use this file to transfer that content from one site to another. -->
<!-- This file is not intended to serve as a complete backup of your site. -->

<!-- To import this information into a WordPress site follow these steps: -->
<!-- 1. Log in to that site as an administrator. -->
<!-- 2. Go to Tools: Import in the WordPress admin panel. -->
<!-- 3. Install the "WordPress" importer from the list. -->
<!-- 4. Activate & Run Importer. -->
<!-- 5. Upload this file using the form provided on that page. -->
<!-- 6. You will first be asked to map the authors in this export file to users -->
<!--    on the site. For each author, you may choose to map to an -->
<!--    existing user on the site or to create a new user. -->
<!-- 7. WordPress will then import each of the posts, pages, comments, categories, etc. -->
<!--    contained in this file into your site. -->

	<!-- generator="WordPress/5.2.2" created="2019-08-19 20:28" -->
<rss version="2.0"
	xmlns:excerpt="http://wordpress.org/export/1.2/excerpt/"
	xmlns:content="http://purl.org/rss/1.0/modules/content/"
	xmlns:wfw="http://wellformedweb.org/CommentAPI/"
	xmlns:dc="http://purl.org/dc/elements/1.1/"
	xmlns:wp="http://wordpress.org/export/1.2/"
>

<channel>
	<title>LawPress Theme</title>
	<link>http://lawpress-theme</link>
	<description>Just another WordPress site</description>
	<pubDate>Mon, 19 Aug 2019 20:28:03 +0000</pubDate>
	<language>en-US</language>
	<wp:wxr_version>1.2</wp:wxr_version>
	<wp:base_site_url>http://lawpress-theme</wp:base_site_url>
	<wp:base_blog_url>http://lawpress-theme</wp:base_blog_url>

		<wp:author><wp:author_id>1</wp:author_id><wp:author_login><![CDATA[kro]]></wp:author_login><wp:author_email><![CDATA[1@1.ru]]></wp:author_email><wp:author_display_name><![CDATA[dummy-user]]></wp:author_display_name><wp:author_first_name><![CDATA[]]></wp:author_first_name><wp:author_last_name><![CDATA[]]></wp:author_last_name></wp:author>

				
	<generator>https://wordpress.org/?v=5.2.2</generator>

		<item>
		<title>Aviation Disaster</title>
		<link>http://lawpress-theme/case/aviation-disaster/</link>
		<pubDate>Sun, 18 Aug 2019 12:24:23 +0000</pubDate>
		<dc:creator><![CDATA[kro]]></dc:creator>
		<guid isPermaLink="false">http://lawpress-theme/?post_type=lp_case&#038;p=224</guid>
		<description></description>
		<content:encoded><![CDATA[<!-- wp:paragraph -->
<p>Lorem ipsum dolor sit amet, consectetur adipiscing elit. Etiam vitae tristique nibh. Morbi gravida sem eget finibus dictum. Nullam sollicitudin posuere velit quis ullamcorper. Fusce dolor mi, gravida ac vulputate sit amet, viverra a lorem. Sed scelerisque lobortis ante, ac feugiat velit condimentum sed. Sed non commodo turpis, nec placerat nulla. Nunc lorem velit, semper et pulvinar nec, malesuada nec purus. Donec tincidunt feugiat interdum. Sed eleifend congue nisl, eget rhoncus nibh bibendum in. Nunc et massa blandit, blandit tellus in, posuere nisl. Morbi molestie mi dolor, sed aliquam lacus iaculis id. Nulla congue augue ut magna porttitor faucibus. Aliquam vitae sagittis urna. Orci varius natoque penatibus et magnis dis parturient montes, nascetur ridiculus mus. Nunc eu risus vel velit pharetra ullamcorper. Vivamus cursus accumsan nisl, ut tristique turpis venenatis id.</p>
<!-- /wp:paragraph -->]]></content:encoded>
		<excerpt:encoded><![CDATA[]]></excerpt:encoded>
		<wp:post_id>224</wp:post_id>
		<wp:post_date><![CDATA[2019-08-18 12:24:23]]></wp:post_date>
		<wp:post_date_gmt><![CDATA[2019-08-18 12:24:23]]></wp:post_date_gmt>
		<wp:comment_status><![CDATA[closed]]></wp:comment_status>
		<wp:ping_status><![CDATA[closed]]></wp:ping_status>
		<wp:post_name><![CDATA[aviation-disaster]]></wp:post_name>
		<wp:status><![CDATA[publish]]></wp:status>
		<wp:post_parent>0</wp:post_parent>
		<wp:menu_order>0</wp:menu_order>
		<wp:post_type><![CDATA[lp_case]]></wp:post_type>
		<wp:post_password><![CDATA[]]></wp:post_password>
		<wp:is_sticky>0</wp:is_sticky>
														<wp:postmeta>
		<wp:meta_key><![CDATA[_edit_last]]></wp:meta_key>
		<wp:meta_value><![CDATA[1]]></wp:meta_value>
		</wp:postmeta>
							<wp:postmeta>
		<wp:meta_key><![CDATA[lp_case_areas]]></wp:meta_key>
		<wp:meta_value><![CDATA[a:1:{i:0;s:2:"31";}]]></wp:meta_value>
		</wp:postmeta>
							<wp:postmeta>
		<wp:meta_key><![CDATA[_lp_case_areas]]></wp:meta_key>
		<wp:meta_value><![CDATA[field_5d59429468936]]></wp:meta_value>
		</wp:postmeta>
							<wp:postmeta>
		<wp:meta_key><![CDATA[lp_case_attorneys]]></wp:meta_key>
		<wp:meta_value><![CDATA[a:2:{i:0;s:2:"25";i:1;s:2:"30";}]]></wp:meta_value>
		</wp:postmeta>
							<wp:postmeta>
		<wp:meta_key><![CDATA[_lp_case_attorneys]]></wp:meta_key>
		<wp:meta_value><![CDATA[field_5d5942c068937]]></wp:meta_value>
		</wp:postmeta>
							<wp:postmeta>
		<wp:meta_key><![CDATA[lp_case_settlement]]></wp:meta_key>
		<wp:meta_value><![CDATA[100000]]></wp:meta_value>
		</wp:postmeta>
							<wp:postmeta>
		<wp:meta_key><![CDATA[_lp_case_settlement]]></wp:meta_key>
		<wp:meta_value><![CDATA[field_5d5951a07ee81]]></wp:meta_value>
		</wp:postmeta>
							<wp:postmeta>
		<wp:meta_key><![CDATA[_thumbnail_id]]></wp:meta_key>
		<wp:meta_value><![CDATA[47]]></wp:meta_value>
		</wp:postmeta>
							<wp:postmeta>
		<wp:meta_key><![CDATA[lp_case_hide_thumbnail]]></wp:meta_key>
		<wp:meta_value><![CDATA[a:1:{i:0;s:3:"yes";}]]></wp:meta_value>
		</wp:postmeta>
							<wp:postmeta>
		<wp:meta_key><![CDATA[_lp_case_hide_thumbnail]]></wp:meta_key>
		<wp:meta_value><![CDATA[field_5d59a13aa0ddc]]></wp:meta_value>
		</wp:postmeta>
							<wp:postmeta>
		<wp:meta_key><![CDATA[_wp_old_slug]]></wp:meta_key>
		<wp:meta_value><![CDATA[aviaton-disaster]]></wp:meta_value>
		</wp:postmeta>
							</item>
					<item>
		<title>Domestic Violence</title>
		<link>http://lawpress-theme/case/domestic-violence/</link>
		<pubDate>Sun, 18 Aug 2019 13:29:24 +0000</pubDate>
		<dc:creator><![CDATA[]]></dc:creator>
		<guid isPermaLink="false">http://lawpress-theme/?post_type=lp_case&#038;p=226</guid>
		<description></description>
		<content:encoded><![CDATA[<!-- wp:paragraph -->
<p>Lorem ipsum dolor sit amet, consectetur adipiscing elit. Etiam vitae tristique nibh. Morbi gravida sem eget finibus dictum. Nullam sollicitudin posuere velit quis ullamcorper. Fusce dolor mi, gravida ac vulputate sit amet, viverra a lorem. Sed scelerisque lobortis ante, ac feugiat velit condimentum sed. Sed non commodo turpis, nec placerat nulla. Nunc lorem velit, semper et pulvinar nec, malesuada nec purus. Donec tincidunt feugiat interdum. Sed eleifend congue nisl, eget rhoncus nibh bibendum in. Nunc et massa blandit, blandit tellus in, posuere nisl. Morbi molestie mi dolor, sed aliquam lacus iaculis id. Nulla congue augue ut magna porttitor faucibus. Aliquam vitae sagittis urna. Orci varius natoque penatibus et magnis dis parturient montes, nascetur ridiculus mus. Nunc eu risus vel velit pharetra ullamcorper. Vivamus cursus accumsan nisl, ut tristique turpis venenatis id.  </p>
<!-- /wp:paragraph -->]]></content:encoded>
		<excerpt:encoded><![CDATA[]]></excerpt:encoded>
		<wp:post_id>226</wp:post_id>
		<wp:post_date><![CDATA[2019-08-18 13:29:24]]></wp:post_date>
		<wp:post_date_gmt><![CDATA[2019-08-18 13:29:24]]></wp:post_date_gmt>
		<wp:comment_status><![CDATA[closed]]></wp:comment_status>
		<wp:ping_status><![CDATA[closed]]></wp:ping_status>
		<wp:post_name><![CDATA[domestic-violence]]></wp:post_name>
		<wp:status><![CDATA[publish]]></wp:status>
		<wp:post_parent>0</wp:post_parent>
		<wp:menu_order>0</wp:menu_order>
		<wp:post_type><![CDATA[lp_case]]></wp:post_type>
		<wp:post_password><![CDATA[]]></wp:post_password>
		<wp:is_sticky>0</wp:is_sticky>
														<wp:postmeta>
		<wp:meta_key><![CDATA[_edit_last]]></wp:meta_key>
		<wp:meta_value><![CDATA[1]]></wp:meta_value>
		</wp:postmeta>
							<wp:postmeta>
		<wp:meta_key><![CDATA[lp_case_areas]]></wp:meta_key>
		<wp:meta_value><![CDATA[a:1:{i:0;s:2:"24";}]]></wp:meta_value>
		</wp:postmeta>
							<wp:postmeta>
		<wp:meta_key><![CDATA[_lp_case_areas]]></wp:meta_key>
		<wp:meta_value><![CDATA[field_5d59429468936]]></wp:meta_value>
		</wp:postmeta>
							<wp:postmeta>
		<wp:meta_key><![CDATA[lp_case_attorneys]]></wp:meta_key>
		<wp:meta_value><![CDATA[a:1:{i:0;s:2:"30";}]]></wp:meta_value>
		</wp:postmeta>
							<wp:postmeta>
		<wp:meta_key><![CDATA[_lp_case_attorneys]]></wp:meta_key>
		<wp:meta_value><![CDATA[field_5d5942c068937]]></wp:meta_value>
		</wp:postmeta>
							<wp:postmeta>
		<wp:meta_key><![CDATA[lp_case_settlement]]></wp:meta_key>
		<wp:meta_value><![CDATA[150000]]></wp:meta_value>
		</wp:postmeta>
							<wp:postmeta>
		<wp:meta_key><![CDATA[_lp_case_settlement]]></wp:meta_key>
		<wp:meta_value><![CDATA[field_5d5951a07ee81]]></wp:meta_value>
		</wp:postmeta>
							<wp:postmeta>
		<wp:meta_key><![CDATA[_thumbnail_id]]></wp:meta_key>
		<wp:meta_value><![CDATA[236]]></wp:meta_value>
		</wp:postmeta>
							</item>
					<item>
		<title>Medical Malpractice</title>
		<link>http://lawpress-theme/case/medical-malpractice/</link>
		<pubDate>Sun, 18 Aug 2019 13:30:21 +0000</pubDate>
		<dc:creator><![CDATA[]]></dc:creator>
		<guid isPermaLink="false">http://lawpress-theme/?post_type=lp_case&#038;p=227</guid>
		<description></description>
		<content:encoded><![CDATA[<!-- wp:paragraph -->
<p> Lorem ipsum dolor sit amet, consectetur adipiscing elit. Etiam vitae tristique nibh. Morbi gravida sem eget finibus dictum. Nullam sollicitudin posuere velit quis ullamcorper. Fusce dolor mi, gravida ac vulputate sit amet, viverra a lorem. Sed scelerisque lobortis ante, ac feugiat velit condimentum sed. Sed non commodo turpis, nec placerat nulla. Nunc lorem velit, semper et pulvinar nec, malesuada nec purus. Donec tincidunt feugiat interdum. Sed eleifend congue nisl, eget rhoncus nibh bibendum in. Nunc et massa blandit, blandit tellus in, posuere nisl. Morbi molestie mi dolor, sed aliquam lacus iaculis id. Nulla congue augue ut magna porttitor faucibus. Aliquam vitae sagittis urna. Orci varius natoque penatibus et magnis dis parturient montes, nascetur ridiculus mus. Nunc eu risus vel velit pharetra ullamcorper. Vivamus cursus accumsan nisl, ut tristique turpis venenatis id.  </p>
<!-- /wp:paragraph -->]]></content:encoded>
		<excerpt:encoded><![CDATA[]]></excerpt:encoded>
		<wp:post_id>227</wp:post_id>
		<wp:post_date><![CDATA[2019-08-18 13:30:21]]></wp:post_date>
		<wp:post_date_gmt><![CDATA[2019-08-18 13:30:21]]></wp:post_date_gmt>
		<wp:comment_status><![CDATA[closed]]></wp:comment_status>
		<wp:ping_status><![CDATA[closed]]></wp:ping_status>
		<wp:post_name><![CDATA[medical-malpractice]]></wp:post_name>
		<wp:status><![CDATA[publish]]></wp:status>
		<wp:post_parent>0</wp:post_parent>
		<wp:menu_order>0</wp:menu_order>
		<wp:post_type><![CDATA[lp_case]]></wp:post_type>
		<wp:post_password><![CDATA[]]></wp:post_password>
		<wp:is_sticky>0</wp:is_sticky>
														<wp:postmeta>
		<wp:meta_key><![CDATA[_edit_last]]></wp:meta_key>
		<wp:meta_value><![CDATA[1]]></wp:meta_value>
		</wp:postmeta>
							<wp:postmeta>
		<wp:meta_key><![CDATA[lp_case_areas]]></wp:meta_key>
		<wp:meta_value><![CDATA[a:1:{i:0;s:2:"44";}]]></wp:meta_value>
		</wp:postmeta>
							<wp:postmeta>
		<wp:meta_key><![CDATA[_lp_case_areas]]></wp:meta_key>
		<wp:meta_value><![CDATA[field_5d59429468936]]></wp:meta_value>
		</wp:postmeta>
							<wp:postmeta>
		<wp:meta_key><![CDATA[lp_case_attorneys]]></wp:meta_key>
		<wp:meta_value><![CDATA[a:2:{i:0;s:2:"25";i:1;s:2:"30";}]]></wp:meta_value>
		</wp:postmeta>
							<wp:postmeta>
		<wp:meta_key><![CDATA[_lp_case_attorneys]]></wp:meta_key>
		<wp:meta_value><![CDATA[field_5d5942c068937]]></wp:meta_value>
		</wp:postmeta>
							<wp:postmeta>
		<wp:meta_key><![CDATA[lp_case_settlement]]></wp:meta_key>
		<wp:meta_value><![CDATA[350000]]></wp:meta_value>
		</wp:postmeta>
							<wp:postmeta>
		<wp:meta_key><![CDATA[_lp_case_settlement]]></wp:meta_key>
		<wp:meta_value><![CDATA[field_5d5951a07ee81]]></wp:meta_value>
		</wp:postmeta>
							<wp:postmeta>
		<wp:meta_key><![CDATA[_thumbnail_id]]></wp:meta_key>
		<wp:meta_value><![CDATA[235]]></wp:meta_value>
		</wp:postmeta>
							</item>
					<item>
		<title>Product Defect</title>
		<link>http://lawpress-theme/case/product-defect/</link>
		<pubDate>Sun, 18 Aug 2019 13:31:33 +0000</pubDate>
		<dc:creator><![CDATA[kro]]></dc:creator>
		<guid isPermaLink="false">http://lawpress-theme/?post_type=lp_case&#038;p=228</guid>
		<description></description>
		<content:encoded><![CDATA[<!-- wp:paragraph -->
<p>Lorem ipsum dolor sit amet, consectetur adipiscing elit. Etiam vitae tristique nibh. Morbi gravida sem eget finibus dictum. Nullam sollicitudin posuere velit quis ullamcorper. Fusce dolor mi, gravida ac vulputate sit amet, viverra a lorem. Sed scelerisque lobortis ante, ac feugiat velit condimentum sed. Sed non commodo turpis, nec placerat nulla. Nunc lorem velit, semper et pulvinar nec, malesuada nec purus. Donec tincidunt feugiat interdum. Sed eleifend congue nisl, eget rhoncus nibh bibendum in. Nunc et massa blandit, blandit tellus in, posuere nisl. Morbi molestie mi dolor, sed aliquam lacus iaculis id. Nulla congue augue ut magna porttitor faucibus. Aliquam vitae sagittis urna. Orci varius natoque penatibus et magnis dis parturient montes, nascetur ridiculus mus. Nunc eu risus vel velit pharetra ullamcorper. Vivamus cursus accumsan nisl, ut tristique turpis venenatis id.</p>
<!-- /wp:paragraph -->]]></content:encoded>
		<excerpt:encoded><![CDATA[]]></excerpt:encoded>
		<wp:post_id>228</wp:post_id>
		<wp:post_date><![CDATA[2019-08-18 13:31:33]]></wp:post_date>
		<wp:post_date_gmt><![CDATA[2019-08-18 13:31:33]]></wp:post_date_gmt>
		<wp:comment_status><![CDATA[closed]]></wp:comment_status>
		<wp:ping_status><![CDATA[closed]]></wp:ping_status>
		<wp:post_name><![CDATA[product-defect]]></wp:post_name>
		<wp:status><![CDATA[publish]]></wp:status>
		<wp:post_parent>0</wp:post_parent>
		<wp:menu_order>0</wp:menu_order>
		<wp:post_type><![CDATA[lp_case]]></wp:post_type>
		<wp:post_password><![CDATA[]]></wp:post_password>
		<wp:is_sticky>0</wp:is_sticky>
														<wp:postmeta>
		<wp:meta_key><![CDATA[_edit_last]]></wp:meta_key>
		<wp:meta_value><![CDATA[1]]></wp:meta_value>
		</wp:postmeta>
							<wp:postmeta>
		<wp:meta_key><![CDATA[lp_case_areas]]></wp:meta_key>
		<wp:meta_value><![CDATA[a:1:{i:0;s:2:"28";}]]></wp:meta_value>
		</wp:postmeta>
							<wp:postmeta>
		<wp:meta_key><![CDATA[_lp_case_areas]]></wp:meta_key>
		<wp:meta_value><![CDATA[field_5d59429468936]]></wp:meta_value>
		</wp:postmeta>
							<wp:postmeta>
		<wp:meta_key><![CDATA[lp_case_attorneys]]></wp:meta_key>
		<wp:meta_value><![CDATA[a:2:{i:0;s:2:"29";i:1;s:2:"30";}]]></wp:meta_value>
		</wp:postmeta>
							<wp:postmeta>
		<wp:meta_key><![CDATA[_lp_case_attorneys]]></wp:meta_key>
		<wp:meta_value><![CDATA[field_5d5942c068937]]></wp:meta_value>
		</wp:postmeta>
							<wp:postmeta>
		<wp:meta_key><![CDATA[lp_case_settlement]]></wp:meta_key>
		<wp:meta_value><![CDATA[70000]]></wp:meta_value>
		</wp:postmeta>
							<wp:postmeta>
		<wp:meta_key><![CDATA[_lp_case_settlement]]></wp:meta_key>
		<wp:meta_value><![CDATA[field_5d5951a07ee81]]></wp:meta_value>
		</wp:postmeta>
							<wp:postmeta>
		<wp:meta_key><![CDATA[lp_case_hide_thumbnail]]></wp:meta_key>
		<wp:meta_value><![CDATA[]]></wp:meta_value>
		</wp:postmeta>
							<wp:postmeta>
		<wp:meta_key><![CDATA[_lp_case_hide_thumbnail]]></wp:meta_key>
		<wp:meta_value><![CDATA[field_5d59a13aa0ddc]]></wp:meta_value>
		</wp:postmeta>
							<wp:postmeta>
		<wp:meta_key><![CDATA[_thumbnail_id]]></wp:meta_key>
		<wp:meta_value><![CDATA[49]]></wp:meta_value>
		</wp:postmeta>
							</item>
				</channel>
</rss>
	