<?xml version="1.0" encoding="UTF-8" ?>
<!-- This is a WordPress eXtended RSS file generated by WordPress as an export of your site. -->
<!-- It contains information about your site's posts, pages, comments, categories, and other content. -->
<!-- You may use this file to transfer that content from one site to another. -->
<!-- This file is not intended to serve as a complete backup of your site. -->

<!-- To import this information into a WordPress site follow these steps: -->
<!-- 1. Log in to that site as an administrator. -->
<!-- 2. Go to Tools: Import in the WordPress admin panel. -->
<!-- 3. Install the "WordPress" importer from the list. -->
<!-- 4. Activate & Run Importer. -->
<!-- 5. Upload this file using the form provided on that page. -->
<!-- 6. You will first be asked to map the authors in this export file to users -->
<!--    on the site. For each author, you may choose to map to an -->
<!--    existing user on the site or to create a new user. -->
<!-- 7. WordPress will then import each of the posts, pages, comments, categories, etc. -->
<!--    contained in this file into your site. -->

	<!-- generator="WordPress/5.2.2" created="2019-08-19 20:28" -->
<rss version="2.0"
	xmlns:excerpt="http://wordpress.org/export/1.2/excerpt/"
	xmlns:content="http://purl.org/rss/1.0/modules/content/"
	xmlns:wfw="http://wellformedweb.org/CommentAPI/"
	xmlns:dc="http://purl.org/dc/elements/1.1/"
	xmlns:wp="http://wordpress.org/export/1.2/"
>

<channel>
	<title>LawPress Theme</title>
	<link>http://lawpress-theme</link>
	<description>Just another WordPress site</description>
	<pubDate>Mon, 19 Aug 2019 20:28:00 +0000</pubDate>
	<language>en-US</language>
	<wp:wxr_version>1.2</wp:wxr_version>
	<wp:base_site_url>http://lawpress-theme</wp:base_site_url>
	<wp:base_blog_url>http://lawpress-theme</wp:base_blog_url>

		<wp:author><wp:author_id>1</wp:author_id><wp:author_login><![CDATA[kro]]></wp:author_login><wp:author_email><![CDATA[1@1.ru]]></wp:author_email><wp:author_display_name><![CDATA[dummy-user]]></wp:author_display_name><wp:author_first_name><![CDATA[]]></wp:author_first_name><wp:author_last_name><![CDATA[]]></wp:author_last_name></wp:author>

				
	<generator>https://wordpress.org/?v=5.2.2</generator>

		<item>
		<title>Corporate Fraud</title>
		<link>http://lawpress-theme/practice-area/corporate-fraud/</link>
		<pubDate>Sun, 11 Aug 2019 20:55:29 +0000</pubDate>
		<dc:creator><![CDATA[kro]]></dc:creator>
		<guid isPermaLink="false">http://lawpress-theme/?post_type=lp_practice_area&#038;p=24</guid>
		<description></description>
		<content:encoded><![CDATA[Lorem ipsum dolor sit amet, consectetur adipiscing elit. Maecenas eu ante iaculis, laoreet justo vitae, rhoncus eros. Nunc fringilla ligula eu consectetur sagittis. Interdum et malesuada fames ac ante ipsum primis in faucibus. Ut eu augue et eros tempor gravida ut sit amet risus. Integer dolor dui, fermentum id magna vehicula, consectetur dapibus purus. Donec quis bibendum enim. Fusce et est eleifend, sodales mi eu, volutpat elit. In ornare velit quam, ut sagittis felis commodo ac. Vestibulum placerat ipsum sed finibus eleifend. Aliquam id porttitor risus. Sed ut lacus eleifend, venenatis enim in, interdum mauris. Cras non augue congue, eleifend magna quis, fermentum libero. Quisque at justo mi.

Integer rutrum enim id massa hendrerit pharetra. Ut sit amet felis molestie, semper nunc quis, convallis nibh. Quisque non leo ipsum. Sed tristique aliquet malesuada. Cras tincidunt urna non dignissim mattis. Vivamus quis nisl dolor. Integer venenatis ipsum et pulvinar sagittis. Ut sodales tristique tortor, in fringilla ante varius vel. In tempor eu arcu in volutpat. Cras sit amet lacus est. Aliquam eget commodo mi. Vivamus pretium nisi id elementum consequat. Phasellus elit massa, elementum eget lorem id, sodales blandit tortor. Duis eu ornare eros.]]></content:encoded>
		<excerpt:encoded><![CDATA[]]></excerpt:encoded>
		<wp:post_id>24</wp:post_id>
		<wp:post_date><![CDATA[2019-08-11 20:55:29]]></wp:post_date>
		<wp:post_date_gmt><![CDATA[2019-08-11 20:55:29]]></wp:post_date_gmt>
		<wp:comment_status><![CDATA[closed]]></wp:comment_status>
		<wp:ping_status><![CDATA[closed]]></wp:ping_status>
		<wp:post_name><![CDATA[corporate-fraud]]></wp:post_name>
		<wp:status><![CDATA[publish]]></wp:status>
		<wp:post_parent>0</wp:post_parent>
		<wp:menu_order>0</wp:menu_order>
		<wp:post_type><![CDATA[lp_practice_area]]></wp:post_type>
		<wp:post_password><![CDATA[]]></wp:post_password>
		<wp:is_sticky>0</wp:is_sticky>
														<wp:postmeta>
		<wp:meta_key><![CDATA[_edit_last]]></wp:meta_key>
		<wp:meta_value><![CDATA[1]]></wp:meta_value>
		</wp:postmeta>
							<wp:postmeta>
		<wp:meta_key><![CDATA[lp_practice_area_cases_closed]]></wp:meta_key>
		<wp:meta_value><![CDATA[20]]></wp:meta_value>
		</wp:postmeta>
							<wp:postmeta>
		<wp:meta_key><![CDATA[_lp_practice_area_cases_closed]]></wp:meta_key>
		<wp:meta_value><![CDATA[field_5d4ead8784772]]></wp:meta_value>
		</wp:postmeta>
							<wp:postmeta>
		<wp:meta_key><![CDATA[lp_practice_area_successful_cases]]></wp:meta_key>
		<wp:meta_value><![CDATA[95]]></wp:meta_value>
		</wp:postmeta>
							<wp:postmeta>
		<wp:meta_key><![CDATA[_lp_practice_area_successful_cases]]></wp:meta_key>
		<wp:meta_value><![CDATA[field_5d4eadc584773]]></wp:meta_value>
		</wp:postmeta>
							<wp:postmeta>
		<wp:meta_key><![CDATA[lp_practice_area_experience]]></wp:meta_key>
		<wp:meta_value><![CDATA[8]]></wp:meta_value>
		</wp:postmeta>
							<wp:postmeta>
		<wp:meta_key><![CDATA[_lp_practice_area_experience]]></wp:meta_key>
		<wp:meta_value><![CDATA[field_5d4eae1e84774]]></wp:meta_value>
		</wp:postmeta>
							<wp:postmeta>
		<wp:meta_key><![CDATA[lp_practice_area_hide_thumbnail]]></wp:meta_key>
		<wp:meta_value><![CDATA[a:1:{i:0;s:3:"yes";}]]></wp:meta_value>
		</wp:postmeta>
							<wp:postmeta>
		<wp:meta_key><![CDATA[_lp_practice_area_hide_thumbnail]]></wp:meta_key>
		<wp:meta_value><![CDATA[field_5d4eec4494bf4]]></wp:meta_value>
		</wp:postmeta>
							<wp:postmeta>
		<wp:meta_key><![CDATA[_thumbnail_id]]></wp:meta_key>
		<wp:meta_value><![CDATA[46]]></wp:meta_value>
		</wp:postmeta>
							<wp:postmeta>
		<wp:meta_key><![CDATA[_wp_old_slug]]></wp:meta_key>
		<wp:meta_value><![CDATA[lorem-1]]></wp:meta_value>
		</wp:postmeta>
							<wp:postmeta>
		<wp:meta_key><![CDATA[_wp_old_slug]]></wp:meta_key>
		<wp:meta_value><![CDATA[area-practice-single]]></wp:meta_value>
		</wp:postmeta>
							</item>
					<item>
		<title>Product Defects</title>
		<link>http://lawpress-theme/practice-area/product-defects/</link>
		<pubDate>Sun, 11 Aug 2019 21:39:43 +0000</pubDate>
		<dc:creator><![CDATA[kro]]></dc:creator>
		<guid isPermaLink="false">http://lawpress-theme/?post_type=lp_practice_area&#038;p=28</guid>
		<description></description>
		<content:encoded><![CDATA[Lorem ipsum dolor sit amet, consectetur adipiscing elit. Maecenas eu ante iaculis, laoreet justo vitae, rhoncus eros. Nunc fringilla ligula eu consectetur sagittis. Interdum et malesuada fames ac ante ipsum primis in faucibus. Ut eu augue et eros tempor gravida ut sit amet risus. Integer dolor dui, fermentum id magna vehicula, consectetur dapibus purus. Donec quis bibendum enim. Fusce et est eleifend, sodales mi eu, volutpat elit. In ornare velit quam, ut sagittis felis commodo ac. Vestibulum placerat ipsum sed finibus eleifend. Aliquam id porttitor risus. Sed ut lacus eleifend, venenatis enim in, interdum mauris. Cras non augue congue, eleifend magna quis, fermentum libero. Quisque at justo mi.

Integer rutrum enim id massa hendrerit pharetra. Ut sit amet felis molestie, semper nunc quis, convallis nibh. Quisque non leo ipsum. Sed tristique aliquet malesuada. Cras tincidunt urna non dignissim mattis. Vivamus quis nisl dolor. Integer venenatis ipsum et pulvinar sagittis. Ut sodales tristique tortor, in fringilla ante varius vel. In tempor eu arcu in volutpat. Cras sit amet lacus est. Aliquam eget commodo mi. Vivamus pretium nisi id elementum consequat. Phasellus elit massa, elementum eget lorem id, sodales blandit tortor. Duis eu ornare eros.]]></content:encoded>
		<excerpt:encoded><![CDATA[]]></excerpt:encoded>
		<wp:post_id>28</wp:post_id>
		<wp:post_date><![CDATA[2019-08-11 21:39:43]]></wp:post_date>
		<wp:post_date_gmt><![CDATA[2019-08-11 21:39:43]]></wp:post_date_gmt>
		<wp:comment_status><![CDATA[closed]]></wp:comment_status>
		<wp:ping_status><![CDATA[closed]]></wp:ping_status>
		<wp:post_name><![CDATA[product-defects]]></wp:post_name>
		<wp:status><![CDATA[publish]]></wp:status>
		<wp:post_parent>0</wp:post_parent>
		<wp:menu_order>0</wp:menu_order>
		<wp:post_type><![CDATA[lp_practice_area]]></wp:post_type>
		<wp:post_password><![CDATA[]]></wp:post_password>
		<wp:is_sticky>0</wp:is_sticky>
														<wp:postmeta>
		<wp:meta_key><![CDATA[_edit_last]]></wp:meta_key>
		<wp:meta_value><![CDATA[1]]></wp:meta_value>
		</wp:postmeta>
							<wp:postmeta>
		<wp:meta_key><![CDATA[lp_practice_area_cases_closed]]></wp:meta_key>
		<wp:meta_value><![CDATA[10]]></wp:meta_value>
		</wp:postmeta>
							<wp:postmeta>
		<wp:meta_key><![CDATA[_lp_practice_area_cases_closed]]></wp:meta_key>
		<wp:meta_value><![CDATA[field_5d4ead8784772]]></wp:meta_value>
		</wp:postmeta>
							<wp:postmeta>
		<wp:meta_key><![CDATA[lp_practice_area_successful_cases]]></wp:meta_key>
		<wp:meta_value><![CDATA[10]]></wp:meta_value>
		</wp:postmeta>
							<wp:postmeta>
		<wp:meta_key><![CDATA[_lp_practice_area_successful_cases]]></wp:meta_key>
		<wp:meta_value><![CDATA[field_5d4eadc584773]]></wp:meta_value>
		</wp:postmeta>
							<wp:postmeta>
		<wp:meta_key><![CDATA[lp_practice_area_experience]]></wp:meta_key>
		<wp:meta_value><![CDATA[10]]></wp:meta_value>
		</wp:postmeta>
							<wp:postmeta>
		<wp:meta_key><![CDATA[_lp_practice_area_experience]]></wp:meta_key>
		<wp:meta_value><![CDATA[field_5d4eae1e84774]]></wp:meta_value>
		</wp:postmeta>
							<wp:postmeta>
		<wp:meta_key><![CDATA[lp_practice_area_hide_thumbnail]]></wp:meta_key>
		<wp:meta_value><![CDATA[a:1:{i:0;s:3:"yes";}]]></wp:meta_value>
		</wp:postmeta>
							<wp:postmeta>
		<wp:meta_key><![CDATA[_lp_practice_area_hide_thumbnail]]></wp:meta_key>
		<wp:meta_value><![CDATA[field_5d4eec4494bf4]]></wp:meta_value>
		</wp:postmeta>
							<wp:postmeta>
		<wp:meta_key><![CDATA[_thumbnail_id]]></wp:meta_key>
		<wp:meta_value><![CDATA[49]]></wp:meta_value>
		</wp:postmeta>
							<wp:postmeta>
		<wp:meta_key><![CDATA[_wp_old_slug]]></wp:meta_key>
		<wp:meta_value><![CDATA[lorem-2]]></wp:meta_value>
		</wp:postmeta>
							</item>
					<item>
		<title>Aviation Disasters</title>
		<link>http://lawpress-theme/practice-area/aviation-disasters/</link>
		<pubDate>Sun, 11 Aug 2019 21:42:47 +0000</pubDate>
		<dc:creator><![CDATA[kro]]></dc:creator>
		<guid isPermaLink="false">http://lawpress-theme/?post_type=lp_practice_area&#038;p=31</guid>
		<description></description>
		<content:encoded><![CDATA[Lorem ipsum dolor sit amet, consectetur adipiscing elit. Maecenas eu ante iaculis, laoreet justo vitae, rhoncus eros. Nunc fringilla ligula eu consectetur sagittis. Interdum et malesuada fames ac ante ipsum primis in faucibus. Ut eu augue et eros tempor gravida ut sit amet risus. Integer dolor dui, fermentum id magna vehicula, consectetur dapibus purus. Donec quis bibendum enim. Fusce et est eleifend, sodales mi eu, volutpat elit. In ornare velit quam, ut sagittis felis commodo ac. Vestibulum placerat ipsum sed finibus eleifend. Aliquam id porttitor risus. Sed ut lacus eleifend, venenatis enim in, interdum mauris. Cras non augue congue, eleifend magna quis, fermentum libero. Quisque at justo mi.

Integer rutrum enim id massa hendrerit pharetra. Ut sit amet felis molestie, semper nunc quis, convallis nibh. Quisque non leo ipsum. Sed tristique aliquet malesuada. Cras tincidunt urna non dignissim mattis. Vivamus quis nisl dolor. Integer venenatis ipsum et pulvinar sagittis. Ut sodales tristique tortor, in fringilla ante varius vel. In tempor eu arcu in volutpat. Cras sit amet lacus est. Aliquam eget commodo mi. Vivamus pretium nisi id elementum consequat. Phasellus elit massa, elementum eget lorem id, sodales blandit tortor. Duis eu ornare eros.]]></content:encoded>
		<excerpt:encoded><![CDATA[]]></excerpt:encoded>
		<wp:post_id>31</wp:post_id>
		<wp:post_date><![CDATA[2019-08-11 21:42:47]]></wp:post_date>
		<wp:post_date_gmt><![CDATA[2019-08-11 21:42:47]]></wp:post_date_gmt>
		<wp:comment_status><![CDATA[closed]]></wp:comment_status>
		<wp:ping_status><![CDATA[closed]]></wp:ping_status>
		<wp:post_name><![CDATA[aviation-disasters]]></wp:post_name>
		<wp:status><![CDATA[publish]]></wp:status>
		<wp:post_parent>0</wp:post_parent>
		<wp:menu_order>0</wp:menu_order>
		<wp:post_type><![CDATA[lp_practice_area]]></wp:post_type>
		<wp:post_password><![CDATA[]]></wp:post_password>
		<wp:is_sticky>0</wp:is_sticky>
														<wp:postmeta>
		<wp:meta_key><![CDATA[lp_practice_area_cases_closed]]></wp:meta_key>
		<wp:meta_value><![CDATA[10]]></wp:meta_value>
		</wp:postmeta>
							<wp:postmeta>
		<wp:meta_key><![CDATA[_lp_practice_area_cases_closed]]></wp:meta_key>
		<wp:meta_value><![CDATA[field_5d4ead8784772]]></wp:meta_value>
		</wp:postmeta>
							<wp:postmeta>
		<wp:meta_key><![CDATA[lp_practice_area_successful_cases]]></wp:meta_key>
		<wp:meta_value><![CDATA[10]]></wp:meta_value>
		</wp:postmeta>
							<wp:postmeta>
		<wp:meta_key><![CDATA[_lp_practice_area_successful_cases]]></wp:meta_key>
		<wp:meta_value><![CDATA[field_5d4eadc584773]]></wp:meta_value>
		</wp:postmeta>
							<wp:postmeta>
		<wp:meta_key><![CDATA[lp_practice_area_experience]]></wp:meta_key>
		<wp:meta_value><![CDATA[10]]></wp:meta_value>
		</wp:postmeta>
							<wp:postmeta>
		<wp:meta_key><![CDATA[_lp_practice_area_experience]]></wp:meta_key>
		<wp:meta_value><![CDATA[field_5d4eae1e84774]]></wp:meta_value>
		</wp:postmeta>
							<wp:postmeta>
		<wp:meta_key><![CDATA[lp_practice_area_hide_thumbnail]]></wp:meta_key>
		<wp:meta_value><![CDATA[a:1:{i:0;s:3:"yes";}]]></wp:meta_value>
		</wp:postmeta>
							<wp:postmeta>
		<wp:meta_key><![CDATA[_lp_practice_area_hide_thumbnail]]></wp:meta_key>
		<wp:meta_value><![CDATA[field_5d4eec4494bf4]]></wp:meta_value>
		</wp:postmeta>
							<wp:postmeta>
		<wp:meta_key><![CDATA[_thumbnail_id]]></wp:meta_key>
		<wp:meta_value><![CDATA[47]]></wp:meta_value>
		</wp:postmeta>
							<wp:postmeta>
		<wp:meta_key><![CDATA[_dp_original]]></wp:meta_key>
		<wp:meta_value><![CDATA[28]]></wp:meta_value>
		</wp:postmeta>
							<wp:postmeta>
		<wp:meta_key><![CDATA[_edit_last]]></wp:meta_key>
		<wp:meta_value><![CDATA[1]]></wp:meta_value>
		</wp:postmeta>
							<wp:postmeta>
		<wp:meta_key><![CDATA[_wp_old_slug]]></wp:meta_key>
		<wp:meta_value><![CDATA[lorem-3]]></wp:meta_value>
		</wp:postmeta>
							</item>
					<item>
		<title>Business Litigation</title>
		<link>http://lawpress-theme/practice-area/business-litigation/</link>
		<pubDate>Sun, 11 Aug 2019 21:42:59 +0000</pubDate>
		<dc:creator><![CDATA[kro]]></dc:creator>
		<guid isPermaLink="false">http://lawpress-theme/?post_type=lp_practice_area&#038;p=32</guid>
		<description></description>
		<content:encoded><![CDATA[Lorem ipsum dolor sit amet, consectetur adipiscing elit. Maecenas eu ante iaculis, laoreet justo vitae, rhoncus eros. Nunc fringilla ligula eu consectetur sagittis. Interdum et malesuada fames ac ante ipsum primis in faucibus. Ut eu augue et eros tempor gravida ut sit amet risus. Integer dolor dui, fermentum id magna vehicula, consectetur dapibus purus. Donec quis bibendum enim. Fusce et est eleifend, sodales mi eu, volutpat elit. In ornare velit quam, ut sagittis felis commodo ac. Vestibulum placerat ipsum sed finibus eleifend. Aliquam id porttitor risus. Sed ut lacus eleifend, venenatis enim in, interdum mauris. Cras non augue congue, eleifend magna quis, fermentum libero. Quisque at justo mi.

Integer rutrum enim id massa hendrerit pharetra. Ut sit amet felis molestie, semper nunc quis, convallis nibh. Quisque non leo ipsum. Sed tristique aliquet malesuada. Cras tincidunt urna non dignissim mattis. Vivamus quis nisl dolor. Integer venenatis ipsum et pulvinar sagittis. Ut sodales tristique tortor, in fringilla ante varius vel. In tempor eu arcu in volutpat. Cras sit amet lacus est. Aliquam eget commodo mi. Vivamus pretium nisi id elementum consequat. Phasellus elit massa, elementum eget lorem id, sodales blandit tortor. Duis eu ornare eros.]]></content:encoded>
		<excerpt:encoded><![CDATA[]]></excerpt:encoded>
		<wp:post_id>32</wp:post_id>
		<wp:post_date><![CDATA[2019-08-11 21:42:59]]></wp:post_date>
		<wp:post_date_gmt><![CDATA[2019-08-11 21:42:59]]></wp:post_date_gmt>
		<wp:comment_status><![CDATA[closed]]></wp:comment_status>
		<wp:ping_status><![CDATA[closed]]></wp:ping_status>
		<wp:post_name><![CDATA[business-litigation]]></wp:post_name>
		<wp:status><![CDATA[publish]]></wp:status>
		<wp:post_parent>0</wp:post_parent>
		<wp:menu_order>0</wp:menu_order>
		<wp:post_type><![CDATA[lp_practice_area]]></wp:post_type>
		<wp:post_password><![CDATA[]]></wp:post_password>
		<wp:is_sticky>0</wp:is_sticky>
														<wp:postmeta>
		<wp:meta_key><![CDATA[lp_practice_area_cases_closed]]></wp:meta_key>
		<wp:meta_value><![CDATA[10]]></wp:meta_value>
		</wp:postmeta>
							<wp:postmeta>
		<wp:meta_key><![CDATA[_lp_practice_area_cases_closed]]></wp:meta_key>
		<wp:meta_value><![CDATA[field_5d4ead8784772]]></wp:meta_value>
		</wp:postmeta>
							<wp:postmeta>
		<wp:meta_key><![CDATA[lp_practice_area_successful_cases]]></wp:meta_key>
		<wp:meta_value><![CDATA[10]]></wp:meta_value>
		</wp:postmeta>
							<wp:postmeta>
		<wp:meta_key><![CDATA[_lp_practice_area_successful_cases]]></wp:meta_key>
		<wp:meta_value><![CDATA[field_5d4eadc584773]]></wp:meta_value>
		</wp:postmeta>
							<wp:postmeta>
		<wp:meta_key><![CDATA[lp_practice_area_experience]]></wp:meta_key>
		<wp:meta_value><![CDATA[10]]></wp:meta_value>
		</wp:postmeta>
							<wp:postmeta>
		<wp:meta_key><![CDATA[_lp_practice_area_experience]]></wp:meta_key>
		<wp:meta_value><![CDATA[field_5d4eae1e84774]]></wp:meta_value>
		</wp:postmeta>
							<wp:postmeta>
		<wp:meta_key><![CDATA[lp_practice_area_hide_thumbnail]]></wp:meta_key>
		<wp:meta_value><![CDATA[]]></wp:meta_value>
		</wp:postmeta>
							<wp:postmeta>
		<wp:meta_key><![CDATA[_lp_practice_area_hide_thumbnail]]></wp:meta_key>
		<wp:meta_value><![CDATA[field_5d4eec4494bf4]]></wp:meta_value>
		</wp:postmeta>
							<wp:postmeta>
		<wp:meta_key><![CDATA[_thumbnail_id]]></wp:meta_key>
		<wp:meta_value><![CDATA[48]]></wp:meta_value>
		</wp:postmeta>
							<wp:postmeta>
		<wp:meta_key><![CDATA[_dp_original]]></wp:meta_key>
		<wp:meta_value><![CDATA[31]]></wp:meta_value>
		</wp:postmeta>
							<wp:postmeta>
		<wp:meta_key><![CDATA[_edit_last]]></wp:meta_key>
		<wp:meta_value><![CDATA[1]]></wp:meta_value>
		</wp:postmeta>
							<wp:postmeta>
		<wp:meta_key><![CDATA[_wp_old_slug]]></wp:meta_key>
		<wp:meta_value><![CDATA[lorem-4]]></wp:meta_value>
		</wp:postmeta>
							</item>
					<item>
		<title>Gas Explosions</title>
		<link>http://lawpress-theme/practice-area/gas-explosions/</link>
		<pubDate>Mon, 12 Aug 2019 22:40:37 +0000</pubDate>
		<dc:creator><![CDATA[kro]]></dc:creator>
		<guid isPermaLink="false">http://lawpress-theme/?post_type=lp_practice_area&#038;p=43</guid>
		<description></description>
		<content:encoded><![CDATA[Lorem ipsum dolor sit amet, consectetur adipiscing elit. Maecenas eu ante iaculis, laoreet justo vitae, rhoncus eros. Nunc fringilla ligula eu consectetur sagittis. Interdum et malesuada fames ac ante ipsum primis in faucibus. Ut eu augue et eros tempor gravida ut sit amet risus. Integer dolor dui, fermentum id magna vehicula, consectetur dapibus purus. Donec quis bibendum enim. Fusce et est eleifend, sodales mi eu, volutpat elit. In ornare velit quam, ut sagittis felis commodo ac. Vestibulum placerat ipsum sed finibus eleifend. Aliquam id porttitor risus. Sed ut lacus eleifend, venenatis enim in, interdum mauris. Cras non augue congue, eleifend magna quis, fermentum libero. Quisque at justo mi.

Integer rutrum enim id massa hendrerit pharetra. Ut sit amet felis molestie, semper nunc quis, convallis nibh. Quisque non leo ipsum. Sed tristique aliquet malesuada. Cras tincidunt urna non dignissim mattis. Vivamus quis nisl dolor. Integer venenatis ipsum et pulvinar sagittis. Ut sodales tristique tortor, in fringilla ante varius vel. In tempor eu arcu in volutpat. Cras sit amet lacus est. Aliquam eget commodo mi. Vivamus pretium nisi id elementum consequat. Phasellus elit massa, elementum eget lorem id, sodales blandit tortor. Duis eu ornare eros.]]></content:encoded>
		<excerpt:encoded><![CDATA[]]></excerpt:encoded>
		<wp:post_id>43</wp:post_id>
		<wp:post_date><![CDATA[2019-08-12 22:40:37]]></wp:post_date>
		<wp:post_date_gmt><![CDATA[2019-08-12 22:40:37]]></wp:post_date_gmt>
		<wp:comment_status><![CDATA[closed]]></wp:comment_status>
		<wp:ping_status><![CDATA[closed]]></wp:ping_status>
		<wp:post_name><![CDATA[gas-explosions]]></wp:post_name>
		<wp:status><![CDATA[publish]]></wp:status>
		<wp:post_parent>0</wp:post_parent>
		<wp:menu_order>0</wp:menu_order>
		<wp:post_type><![CDATA[lp_practice_area]]></wp:post_type>
		<wp:post_password><![CDATA[]]></wp:post_password>
		<wp:is_sticky>0</wp:is_sticky>
														<wp:postmeta>
		<wp:meta_key><![CDATA[lp_practice_area_cases_closed]]></wp:meta_key>
		<wp:meta_value><![CDATA[20]]></wp:meta_value>
		</wp:postmeta>
							<wp:postmeta>
		<wp:meta_key><![CDATA[_lp_practice_area_cases_closed]]></wp:meta_key>
		<wp:meta_value><![CDATA[field_5d4ead8784772]]></wp:meta_value>
		</wp:postmeta>
							<wp:postmeta>
		<wp:meta_key><![CDATA[lp_practice_area_successful_cases]]></wp:meta_key>
		<wp:meta_value><![CDATA[95]]></wp:meta_value>
		</wp:postmeta>
							<wp:postmeta>
		<wp:meta_key><![CDATA[_lp_practice_area_successful_cases]]></wp:meta_key>
		<wp:meta_value><![CDATA[field_5d4eadc584773]]></wp:meta_value>
		</wp:postmeta>
							<wp:postmeta>
		<wp:meta_key><![CDATA[lp_practice_area_experience]]></wp:meta_key>
		<wp:meta_value><![CDATA[8]]></wp:meta_value>
		</wp:postmeta>
							<wp:postmeta>
		<wp:meta_key><![CDATA[_lp_practice_area_experience]]></wp:meta_key>
		<wp:meta_value><![CDATA[field_5d4eae1e84774]]></wp:meta_value>
		</wp:postmeta>
							<wp:postmeta>
		<wp:meta_key><![CDATA[lp_practice_area_hide_thumbnail]]></wp:meta_key>
		<wp:meta_value><![CDATA[a:1:{i:0;s:3:"yes";}]]></wp:meta_value>
		</wp:postmeta>
							<wp:postmeta>
		<wp:meta_key><![CDATA[_lp_practice_area_hide_thumbnail]]></wp:meta_key>
		<wp:meta_value><![CDATA[field_5d4eec4494bf4]]></wp:meta_value>
		</wp:postmeta>
							<wp:postmeta>
		<wp:meta_key><![CDATA[_thumbnail_id]]></wp:meta_key>
		<wp:meta_value><![CDATA[50]]></wp:meta_value>
		</wp:postmeta>
							<wp:postmeta>
		<wp:meta_key><![CDATA[_wp_old_slug]]></wp:meta_key>
		<wp:meta_value><![CDATA[lorem-1]]></wp:meta_value>
		</wp:postmeta>
							<wp:postmeta>
		<wp:meta_key><![CDATA[_dp_original]]></wp:meta_key>
		<wp:meta_value><![CDATA[24]]></wp:meta_value>
		</wp:postmeta>
							<wp:postmeta>
		<wp:meta_key><![CDATA[_edit_last]]></wp:meta_key>
		<wp:meta_value><![CDATA[1]]></wp:meta_value>
		</wp:postmeta>
							<wp:postmeta>
		<wp:meta_key><![CDATA[_wp_old_slug]]></wp:meta_key>
		<wp:meta_value><![CDATA[area-practice-single-2]]></wp:meta_value>
		</wp:postmeta>
							</item>
					<item>
		<title>Real Estate</title>
		<link>http://lawpress-theme/practice-area/real-estate/</link>
		<pubDate>Mon, 12 Aug 2019 22:40:47 +0000</pubDate>
		<dc:creator><![CDATA[kro]]></dc:creator>
		<guid isPermaLink="false">http://lawpress-theme/?post_type=lp_practice_area&#038;p=44</guid>
		<description></description>
		<content:encoded><![CDATA[Lorem ipsum dolor sit amet, consectetur adipiscing elit. Maecenas eu ante iaculis, laoreet justo vitae, rhoncus eros. Nunc fringilla ligula eu consectetur sagittis. Interdum et malesuada fames ac ante ipsum primis in faucibus. Ut eu augue et eros tempor gravida ut sit amet risus. Integer dolor dui, fermentum id magna vehicula, consectetur dapibus purus. Donec quis bibendum enim. Fusce et est eleifend, sodales mi eu, volutpat elit. In ornare velit quam, ut sagittis felis commodo ac. Vestibulum placerat ipsum sed finibus eleifend. Aliquam id porttitor risus. Sed ut lacus eleifend, venenatis enim in, interdum mauris. Cras non augue congue, eleifend magna quis, fermentum libero. Quisque at justo mi.

Integer rutrum enim id massa hendrerit pharetra. Ut sit amet felis molestie, semper nunc quis, convallis nibh. Quisque non leo ipsum. Sed tristique aliquet malesuada. Cras tincidunt urna non dignissim mattis. Vivamus quis nisl dolor. Integer venenatis ipsum et pulvinar sagittis. Ut sodales tristique tortor, in fringilla ante varius vel. In tempor eu arcu in volutpat. Cras sit amet lacus est. Aliquam eget commodo mi. Vivamus pretium nisi id elementum consequat. Phasellus elit massa, elementum eget lorem id, sodales blandit tortor. Duis eu ornare eros.]]></content:encoded>
		<excerpt:encoded><![CDATA[]]></excerpt:encoded>
		<wp:post_id>44</wp:post_id>
		<wp:post_date><![CDATA[2019-08-12 22:40:47]]></wp:post_date>
		<wp:post_date_gmt><![CDATA[2019-08-12 22:40:47]]></wp:post_date_gmt>
		<wp:comment_status><![CDATA[closed]]></wp:comment_status>
		<wp:ping_status><![CDATA[closed]]></wp:ping_status>
		<wp:post_name><![CDATA[real-estate]]></wp:post_name>
		<wp:status><![CDATA[publish]]></wp:status>
		<wp:post_parent>0</wp:post_parent>
		<wp:menu_order>0</wp:menu_order>
		<wp:post_type><![CDATA[lp_practice_area]]></wp:post_type>
		<wp:post_password><![CDATA[]]></wp:post_password>
		<wp:is_sticky>0</wp:is_sticky>
														<wp:postmeta>
		<wp:meta_key><![CDATA[lp_practice_area_cases_closed]]></wp:meta_key>
		<wp:meta_value><![CDATA[20]]></wp:meta_value>
		</wp:postmeta>
							<wp:postmeta>
		<wp:meta_key><![CDATA[_lp_practice_area_cases_closed]]></wp:meta_key>
		<wp:meta_value><![CDATA[field_5d4ead8784772]]></wp:meta_value>
		</wp:postmeta>
							<wp:postmeta>
		<wp:meta_key><![CDATA[lp_practice_area_successful_cases]]></wp:meta_key>
		<wp:meta_value><![CDATA[95]]></wp:meta_value>
		</wp:postmeta>
							<wp:postmeta>
		<wp:meta_key><![CDATA[_lp_practice_area_successful_cases]]></wp:meta_key>
		<wp:meta_value><![CDATA[field_5d4eadc584773]]></wp:meta_value>
		</wp:postmeta>
							<wp:postmeta>
		<wp:meta_key><![CDATA[lp_practice_area_experience]]></wp:meta_key>
		<wp:meta_value><![CDATA[8]]></wp:meta_value>
		</wp:postmeta>
							<wp:postmeta>
		<wp:meta_key><![CDATA[_lp_practice_area_experience]]></wp:meta_key>
		<wp:meta_value><![CDATA[field_5d4eae1e84774]]></wp:meta_value>
		</wp:postmeta>
							<wp:postmeta>
		<wp:meta_key><![CDATA[lp_practice_area_hide_thumbnail]]></wp:meta_key>
		<wp:meta_value><![CDATA[a:1:{i:0;s:3:"yes";}]]></wp:meta_value>
		</wp:postmeta>
							<wp:postmeta>
		<wp:meta_key><![CDATA[_lp_practice_area_hide_thumbnail]]></wp:meta_key>
		<wp:meta_value><![CDATA[field_5d4eec4494bf4]]></wp:meta_value>
		</wp:postmeta>
							<wp:postmeta>
		<wp:meta_key><![CDATA[_thumbnail_id]]></wp:meta_key>
		<wp:meta_value><![CDATA[240]]></wp:meta_value>
		</wp:postmeta>
							<wp:postmeta>
		<wp:meta_key><![CDATA[_wp_old_slug]]></wp:meta_key>
		<wp:meta_value><![CDATA[lorem-1]]></wp:meta_value>
		</wp:postmeta>
							<wp:postmeta>
		<wp:meta_key><![CDATA[_dp_original]]></wp:meta_key>
		<wp:meta_value><![CDATA[43]]></wp:meta_value>
		</wp:postmeta>
							<wp:postmeta>
		<wp:meta_key><![CDATA[_edit_last]]></wp:meta_key>
		<wp:meta_value><![CDATA[1]]></wp:meta_value>
		</wp:postmeta>
							<wp:postmeta>
		<wp:meta_key><![CDATA[_wp_old_slug]]></wp:meta_key>
		<wp:meta_value><![CDATA[area-practice-single-3]]></wp:meta_value>
		</wp:postmeta>
							</item>
					<item>
		<title>Construction Law</title>
		<link>http://lawpress-theme/practice-area/construction-law/</link>
		<pubDate>Thu, 15 Aug 2019 11:26:28 +0000</pubDate>
		<dc:creator><![CDATA[kro]]></dc:creator>
		<guid isPermaLink="false">http://lawpress-theme/?post_type=lp_practice_area&#038;p=182</guid>
		<description></description>
		<content:encoded><![CDATA[Lorem ipsum dolor sit amet, consectetur adipiscing elit. Maecenas eu ante iaculis, laoreet justo vitae, rhoncus eros. Nunc fringilla ligula eu consectetur sagittis. Interdum et malesuada fames ac ante ipsum primis in faucibus. Ut eu augue et eros tempor gravida ut sit amet risus. Integer dolor dui, fermentum id magna vehicula, consectetur dapibus purus. Donec quis bibendum enim. Fusce et est eleifend, sodales mi eu, volutpat elit. In ornare velit quam, ut sagittis felis commodo ac. Vestibulum placerat ipsum sed finibus eleifend. Aliquam id porttitor risus. Sed ut lacus eleifend, venenatis enim in, interdum mauris. Cras non augue congue, eleifend magna quis, fermentum libero. Quisque at justo mi.

Integer rutrum enim id massa hendrerit pharetra. Ut sit amet felis molestie, semper nunc quis, convallis nibh. Quisque non leo ipsum. Sed tristique aliquet malesuada. Cras tincidunt urna non dignissim mattis. Vivamus quis nisl dolor. Integer venenatis ipsum et pulvinar sagittis. Ut sodales tristique tortor, in fringilla ante varius vel. In tempor eu arcu in volutpat. Cras sit amet lacus est. Aliquam eget commodo mi. Vivamus pretium nisi id elementum consequat. Phasellus elit massa, elementum eget lorem id, sodales blandit tortor. Duis eu ornare eros.]]></content:encoded>
		<excerpt:encoded><![CDATA[]]></excerpt:encoded>
		<wp:post_id>182</wp:post_id>
		<wp:post_date><![CDATA[2019-08-15 11:26:28]]></wp:post_date>
		<wp:post_date_gmt><![CDATA[2019-08-15 11:26:28]]></wp:post_date_gmt>
		<wp:comment_status><![CDATA[closed]]></wp:comment_status>
		<wp:ping_status><![CDATA[closed]]></wp:ping_status>
		<wp:post_name><![CDATA[construction-law]]></wp:post_name>
		<wp:status><![CDATA[publish]]></wp:status>
		<wp:post_parent>0</wp:post_parent>
		<wp:menu_order>0</wp:menu_order>
		<wp:post_type><![CDATA[lp_practice_area]]></wp:post_type>
		<wp:post_password><![CDATA[]]></wp:post_password>
		<wp:is_sticky>0</wp:is_sticky>
														<wp:postmeta>
		<wp:meta_key><![CDATA[lp_practice_area_cases_closed]]></wp:meta_key>
		<wp:meta_value><![CDATA[20]]></wp:meta_value>
		</wp:postmeta>
							<wp:postmeta>
		<wp:meta_key><![CDATA[_lp_practice_area_cases_closed]]></wp:meta_key>
		<wp:meta_value><![CDATA[field_5d4ead8784772]]></wp:meta_value>
		</wp:postmeta>
							<wp:postmeta>
		<wp:meta_key><![CDATA[lp_practice_area_successful_cases]]></wp:meta_key>
		<wp:meta_value><![CDATA[95]]></wp:meta_value>
		</wp:postmeta>
							<wp:postmeta>
		<wp:meta_key><![CDATA[_lp_practice_area_successful_cases]]></wp:meta_key>
		<wp:meta_value><![CDATA[field_5d4eadc584773]]></wp:meta_value>
		</wp:postmeta>
							<wp:postmeta>
		<wp:meta_key><![CDATA[lp_practice_area_experience]]></wp:meta_key>
		<wp:meta_value><![CDATA[8]]></wp:meta_value>
		</wp:postmeta>
							<wp:postmeta>
		<wp:meta_key><![CDATA[_lp_practice_area_experience]]></wp:meta_key>
		<wp:meta_value><![CDATA[field_5d4eae1e84774]]></wp:meta_value>
		</wp:postmeta>
							<wp:postmeta>
		<wp:meta_key><![CDATA[lp_practice_area_hide_thumbnail]]></wp:meta_key>
		<wp:meta_value><![CDATA[a:1:{i:0;s:3:"yes";}]]></wp:meta_value>
		</wp:postmeta>
							<wp:postmeta>
		<wp:meta_key><![CDATA[_lp_practice_area_hide_thumbnail]]></wp:meta_key>
		<wp:meta_value><![CDATA[field_5d4eec4494bf4]]></wp:meta_value>
		</wp:postmeta>
							<wp:postmeta>
		<wp:meta_key><![CDATA[_thumbnail_id]]></wp:meta_key>
		<wp:meta_value><![CDATA[51]]></wp:meta_value>
		</wp:postmeta>
							<wp:postmeta>
		<wp:meta_key><![CDATA[_wp_old_slug]]></wp:meta_key>
		<wp:meta_value><![CDATA[lorem-1]]></wp:meta_value>
		</wp:postmeta>
							<wp:postmeta>
		<wp:meta_key><![CDATA[_dp_original]]></wp:meta_key>
		<wp:meta_value><![CDATA[44]]></wp:meta_value>
		</wp:postmeta>
							<wp:postmeta>
		<wp:meta_key><![CDATA[_edit_last]]></wp:meta_key>
		<wp:meta_value><![CDATA[1]]></wp:meta_value>
		</wp:postmeta>
							<wp:postmeta>
		<wp:meta_key><![CDATA[_wp_old_slug]]></wp:meta_key>
		<wp:meta_value><![CDATA[area-practice-single-5]]></wp:meta_value>
		</wp:postmeta>
							</item>
					<item>
		<title>Bank and Financial</title>
		<link>http://lawpress-theme/practice-area/bank-and-financial/</link>
		<pubDate>Thu, 15 Aug 2019 11:26:31 +0000</pubDate>
		<dc:creator><![CDATA[kro]]></dc:creator>
		<guid isPermaLink="false">http://lawpress-theme/?post_type=lp_practice_area&#038;p=183</guid>
		<description></description>
		<content:encoded><![CDATA[Lorem ipsum dolor sit amet, consectetur adipiscing elit. Maecenas eu ante iaculis, laoreet justo vitae, rhoncus eros. Nunc fringilla ligula eu consectetur sagittis. Interdum et malesuada fames ac ante ipsum primis in faucibus. Ut eu augue et eros tempor gravida ut sit amet risus. Integer dolor dui, fermentum id magna vehicula, consectetur dapibus purus. Donec quis bibendum enim. Fusce et est eleifend, sodales mi eu, volutpat elit. In ornare velit quam, ut sagittis felis commodo ac. Vestibulum placerat ipsum sed finibus eleifend. Aliquam id porttitor risus. Sed ut lacus eleifend, venenatis enim in, interdum mauris. Cras non augue congue, eleifend magna quis, fermentum libero. Quisque at justo mi.

Integer rutrum enim id massa hendrerit pharetra. Ut sit amet felis molestie, semper nunc quis, convallis nibh. Quisque non leo ipsum. Sed tristique aliquet malesuada. Cras tincidunt urna non dignissim mattis. Vivamus quis nisl dolor. Integer venenatis ipsum et pulvinar sagittis. Ut sodales tristique tortor, in fringilla ante varius vel. In tempor eu arcu in volutpat. Cras sit amet lacus est. Aliquam eget commodo mi. Vivamus pretium nisi id elementum consequat. Phasellus elit massa, elementum eget lorem id, sodales blandit tortor. Duis eu ornare eros.]]></content:encoded>
		<excerpt:encoded><![CDATA[]]></excerpt:encoded>
		<wp:post_id>183</wp:post_id>
		<wp:post_date><![CDATA[2019-08-15 11:26:31]]></wp:post_date>
		<wp:post_date_gmt><![CDATA[2019-08-15 11:26:31]]></wp:post_date_gmt>
		<wp:comment_status><![CDATA[closed]]></wp:comment_status>
		<wp:ping_status><![CDATA[closed]]></wp:ping_status>
		<wp:post_name><![CDATA[bank-and-financial]]></wp:post_name>
		<wp:status><![CDATA[publish]]></wp:status>
		<wp:post_parent>0</wp:post_parent>
		<wp:menu_order>0</wp:menu_order>
		<wp:post_type><![CDATA[lp_practice_area]]></wp:post_type>
		<wp:post_password><![CDATA[]]></wp:post_password>
		<wp:is_sticky>0</wp:is_sticky>
														<wp:postmeta>
		<wp:meta_key><![CDATA[lp_practice_area_cases_closed]]></wp:meta_key>
		<wp:meta_value><![CDATA[20]]></wp:meta_value>
		</wp:postmeta>
							<wp:postmeta>
		<wp:meta_key><![CDATA[_lp_practice_area_cases_closed]]></wp:meta_key>
		<wp:meta_value><![CDATA[field_5d4ead8784772]]></wp:meta_value>
		</wp:postmeta>
							<wp:postmeta>
		<wp:meta_key><![CDATA[lp_practice_area_successful_cases]]></wp:meta_key>
		<wp:meta_value><![CDATA[95]]></wp:meta_value>
		</wp:postmeta>
							<wp:postmeta>
		<wp:meta_key><![CDATA[_lp_practice_area_successful_cases]]></wp:meta_key>
		<wp:meta_value><![CDATA[field_5d4eadc584773]]></wp:meta_value>
		</wp:postmeta>
							<wp:postmeta>
		<wp:meta_key><![CDATA[lp_practice_area_experience]]></wp:meta_key>
		<wp:meta_value><![CDATA[8]]></wp:meta_value>
		</wp:postmeta>
							<wp:postmeta>
		<wp:meta_key><![CDATA[_lp_practice_area_experience]]></wp:meta_key>
		<wp:meta_value><![CDATA[field_5d4eae1e84774]]></wp:meta_value>
		</wp:postmeta>
							<wp:postmeta>
		<wp:meta_key><![CDATA[lp_practice_area_hide_thumbnail]]></wp:meta_key>
		<wp:meta_value><![CDATA[a:1:{i:0;s:3:"yes";}]]></wp:meta_value>
		</wp:postmeta>
							<wp:postmeta>
		<wp:meta_key><![CDATA[_lp_practice_area_hide_thumbnail]]></wp:meta_key>
		<wp:meta_value><![CDATA[field_5d4eec4494bf4]]></wp:meta_value>
		</wp:postmeta>
							<wp:postmeta>
		<wp:meta_key><![CDATA[_wp_old_slug]]></wp:meta_key>
		<wp:meta_value><![CDATA[lorem-1]]></wp:meta_value>
		</wp:postmeta>
							<wp:postmeta>
		<wp:meta_key><![CDATA[_dp_original]]></wp:meta_key>
		<wp:meta_value><![CDATA[24]]></wp:meta_value>
		</wp:postmeta>
							<wp:postmeta>
		<wp:meta_key><![CDATA[_edit_last]]></wp:meta_key>
		<wp:meta_value><![CDATA[1]]></wp:meta_value>
		</wp:postmeta>
							<wp:postmeta>
		<wp:meta_key><![CDATA[_wp_old_slug]]></wp:meta_key>
		<wp:meta_value><![CDATA[area-practice-single-4]]></wp:meta_value>
		</wp:postmeta>
							<wp:postmeta>
		<wp:meta_key><![CDATA[_thumbnail_id]]></wp:meta_key>
		<wp:meta_value><![CDATA[238]]></wp:meta_value>
		</wp:postmeta>
							</item>
				</channel>
</rss>
	